id,title,category,status,description,acceptance,evidence
EDU-01,Inspecionar repositório,Planejamento,Concluído,Inspecionar repositório conforme o escopo Educa+ e o PDF v1.0.,Verificar a entrega e o comportamento descritos nesta evidência: Repositório vazio confirmado pelo clone e pela integração GitHub,Repositório vazio confirmado pelo clone e pela integração GitHub
EDU-02,Ler onze páginas do protótipo,Planejamento,Concluído,Ler onze páginas do protótipo conforme o escopo Educa+ e o PDF v1.0.,Verificar a entrega e o comportamento descritos nesta evidência: 11 páginas extraídas e renderizadas antes da implementação,11 páginas extraídas e renderizadas antes da implementação
EDU-03,Mapear dez rotas,Planejamento,Concluído,Mapear dez rotas conforme o escopo Educa+ e o PDF v1.0.,Verificar a entrega e o comportamento descritos nesta evidência: src/app/router.tsx,src/app/router.tsx
EDU-04,Definir requisitos funcionais,Planejamento,Concluído,Definir requisitos funcionais conforme o escopo Educa+ e o PDF v1.0.,Verificar a entrega e o comportamento descritos nesta evidência: docs/REQUISITOS.md,docs/REQUISITOS.md
EDU-05,Definir requisitos não funcionais,Planejamento,Concluído,Definir requisitos não funcionais conforme o escopo Educa+ e o PDF v1.0.,Verificar a entrega e o comportamento descritos nesta evidência: docs/REQUISITOS.md,docs/REQUISITOS.md
EDU-06,Escrever histórias de usuário,Planejamento,Concluído,Escrever histórias de usuário conforme o escopo Educa+ e o PDF v1.0.,Verificar a entrega e o comportamento descritos nesta evidência: docs/REQUISITOS.md,docs/REQUISITOS.md
EDU-07,Pesquisar cinco referências,Planejamento,Concluído,Pesquisar cinco referências conforme o escopo Educa+ e o PDF v1.0.,Verificar a entrega e o comportamento descritos nesta evidência: docs/BENCHMARKING.md,docs/BENCHMARKING.md
EDU-08,Definir proposta de valor,Planejamento,Concluído,Definir proposta de valor conforme o escopo Educa+ e o PDF v1.0.,Verificar a entrega e o comportamento descritos nesta evidência: docs/BENCHMARKING.md,docs/BENCHMARKING.md
EDU-09,Extrair tokens de cor,Prototipação,Concluído,Extrair tokens de cor conforme o escopo Educa+ e o PDF v1.0.,Verificar a entrega e o comportamento descritos nesta evidência: src/index.css e tailwind.config.js,src/index.css e tailwind.config.js
EDU-10,Conferir tipografia Inter,Prototipação,Concluído,Conferir tipografia Inter conforme o escopo Educa+ e o PDF v1.0.,Verificar a entrega e o comportamento descritos nesta evidência: @fontsource-variable/inter e src/index.css,@fontsource-variable/inter e src/index.css
EDU-11,Mapear breakpoints,Prototipação,Concluído,Mapear breakpoints conforme o escopo Educa+ e o PDF v1.0.,Verificar a entrega e o comportamento descritos nesta evidência: src/App.css,src/App.css
EDU-12,Catalogar componentes,Prototipação,Concluído,Catalogar componentes conforme o escopo Educa+ e o PDF v1.0.,Verificar a entrega e o comportamento descritos nesta evidência: src/components/ui,src/components/ui
EDU-13,Reproduzir identidade Educa+,Prototipação,Concluído,Reproduzir identidade Educa+ conforme o escopo Educa+ e o PDF v1.0.,Verificar a entrega e o comportamento descritos nesta evidência: Logo em src/components/ui/Primitives.tsx e public/favicon.svg,Logo em src/components/ui/Primitives.tsx e public/favicon.svg
EDU-14,Documentar cobertura visual do PDF,Prototipação,Concluído,Documentar cobertura visual do PDF conforme o escopo Educa+ e o PDF v1.0.,Verificar a entrega e o comportamento descritos nesta evidência: docs/ARQUITETURA.md,docs/ARQUITETURA.md
EDU-15,Inicializar React e TypeScript,Desenvolvimento,Concluído,Inicializar React e TypeScript conforme o escopo Educa+ e o PDF v1.0.,Verificar a entrega e o comportamento descritos nesta evidência: package.json e commit inicial,package.json e commit inicial
EDU-16,Configurar Tailwind,Desenvolvimento,Concluído,Configurar Tailwind conforme o escopo Educa+ e o PDF v1.0.,Verificar a entrega e o comportamento descritos nesta evidência: tailwind.config.js e postcss.config.js,tailwind.config.js e postcss.config.js
EDU-17,Definir interfaces de dados,Desenvolvimento,Concluído,Definir interfaces de dados conforme o escopo Educa+ e o PDF v1.0.,Verificar a entrega e o comportamento descritos nesta evidência: src/types.ts,src/types.ts
EDU-18,Cadastrar disciplinas locais,Desenvolvimento,Concluído,Cadastrar disciplinas locais conforme o escopo Educa+ e o PDF v1.0.,Verificar a entrega e o comportamento descritos nesta evidência: src/data/subjects.ts,src/data/subjects.ts
EDU-19,Escrever aulas completas,Desenvolvimento,Concluído,Escrever aulas completas conforme o escopo Educa+ e o PDF v1.0.,Verificar a entrega e o comportamento descritos nesta evidência: src/data/lessons.ts,src/data/lessons.ts
EDU-20,Escrever vinte questões,Desenvolvimento,Concluído,Escrever vinte questões conforme o escopo Educa+ e o PDF v1.0.,Verificar a entrega e o comportamento descritos nesta evidência: src/data/quizzes.ts,src/data/quizzes.ts
EDU-21,Criar perfil demonstrativo,Desenvolvimento,Concluído,Criar perfil demonstrativo conforme o escopo Educa+ e o PDF v1.0.,Verificar a entrega e o comportamento descritos nesta evidência: src/data/students.ts e progress.ts,src/data/students.ts e progress.ts
EDU-22,Validar armazenamento local,Desenvolvimento,Concluído,Validar armazenamento local conforme o escopo Educa+ e o PDF v1.0.,Verificar a entrega e o comportamento descritos nesta evidência: src/lib/storage.ts; testes unitários e navegador aprovados,src/lib/storage.ts; testes unitários e navegador aprovados
EDU-23,Criar contexto do estudante,Desenvolvimento,Concluído,Criar contexto do estudante conforme o escopo Educa+ e o PDF v1.0.,Verificar a entrega e o comportamento descritos nesta evidência: src/app/providers/StudentProvider.tsx,src/app/providers/StudentProvider.tsx
EDU-24,Criar contexto de acessibilidade,Desenvolvimento,Concluído,Criar contexto de acessibilidade conforme o escopo Educa+ e o PDF v1.0.,Verificar a entrega e o comportamento descritos nesta evidência: src/app/providers/A11yProvider.tsx,src/app/providers/A11yProvider.tsx
EDU-25,Implementar componentes básicos,Desenvolvimento,Concluído,Implementar componentes básicos conforme o escopo Educa+ e o PDF v1.0.,Verificar a entrega e o comportamento descritos nesta evidência: src/components/ui/Primitives.tsx,src/components/ui/Primitives.tsx
EDU-26,Implementar modal acessível,Desenvolvimento,Concluído,Implementar modal acessível conforme o escopo Educa+ e o PDF v1.0.,Verificar a entrega e o comportamento descritos nesta evidência: src/components/ui/Modal.tsx; teste de Escape e retorno de foco aprovado,src/components/ui/Modal.tsx; teste de Escape e retorno de foco aprovado
EDU-27,Implementar navegação responsiva,Desenvolvimento,Concluído,Implementar navegação responsiva conforme o escopo Educa+ e o PDF v1.0.,Verificar a entrega e o comportamento descritos nesta evidência: src/layouts/StudentLayout.tsx; três larguras aprovadas,src/layouts/StudentLayout.tsx; três larguras aprovadas
EDU-28,Implementar landing page,Desenvolvimento,Concluído,Implementar landing page conforme o escopo Educa+ e o PDF v1.0.,Verificar a entrega e o comportamento descritos nesta evidência: src/pages/Landing.tsx,src/pages/Landing.tsx
EDU-29,Implementar cadastro,Desenvolvimento,Concluído,Implementar cadastro conforme o escopo Educa+ e o PDF v1.0.,Verificar a entrega e o comportamento descritos nesta evidência: src/pages/Signup.tsx; cadastro validado no navegador,src/pages/Signup.tsx; cadastro validado no navegador
EDU-30,Implementar dashboard,Desenvolvimento,Concluído,Implementar dashboard conforme o escopo Educa+ e o PDF v1.0.,Verificar a entrega e o comportamento descritos nesta evidência: src/pages/Dashboard.tsx,src/pages/Dashboard.tsx
EDU-31,Implementar disciplinas,Desenvolvimento,Concluído,Implementar disciplinas conforme o escopo Educa+ e o PDF v1.0.,Verificar a entrega e o comportamento descritos nesta evidência: src/pages/Subjects.tsx,src/pages/Subjects.tsx
EDU-32,Implementar biblioteca e pesquisa,Desenvolvimento,Concluído,Implementar biblioteca e pesquisa conforme o escopo Educa+ e o PDF v1.0.,Verificar a entrega e o comportamento descritos nesta evidência: src/pages/Library.tsx; teste de filtros e pesquisa aprovado,src/pages/Library.tsx; teste de filtros e pesquisa aprovado
EDU-33,Implementar favoritos,Desenvolvimento,Concluído,Implementar favoritos conforme o escopo Educa+ e o PDF v1.0.,Verificar a entrega e o comportamento descritos nesta evidência: src/components/LessonCard.tsx; persistência de favorito aprovada,src/components/LessonCard.tsx; persistência de favorito aprovada
EDU-34,Implementar aula e sumário,Desenvolvimento,Concluído,Implementar aula e sumário conforme o escopo Educa+ e o PDF v1.0.,Verificar a entrega e o comportamento descritos nesta evidência: src/pages/Lesson.tsx,src/pages/Lesson.tsx
EDU-35,Implementar quiz por etapas,Desenvolvimento,Concluído,Implementar quiz por etapas conforme o escopo Educa+ e o PDF v1.0.,Verificar a entrega e o comportamento descritos nesta evidência: src/pages/Quiz.tsx; cinco respostas e bloqueio de incompletas aprovados,src/pages/Quiz.tsx; cinco respostas e bloqueio de incompletas aprovados
EDU-36,Implementar resultado comentado,Desenvolvimento,Concluído,Implementar resultado comentado conforme o escopo Educa+ e o PDF v1.0.,Verificar a entrega e o comportamento descritos nesta evidência: src/pages/Result.tsx; resultado 5/5 confirmado,src/pages/Result.tsx; resultado 5/5 confirmado
EDU-37,Implementar gráficos e histórico,Desenvolvimento,Concluído,Implementar gráficos e histórico conforme o escopo Educa+ e o PDF v1.0.,Verificar a entrega e o comportamento descritos nesta evidência: src/pages/Progress.tsx; histórico 100% confirmado,src/pages/Progress.tsx; histórico 100% confirmado
EDU-38,Implementar edição de perfil,Desenvolvimento,Concluído,Implementar edição de perfil conforme o escopo Educa+ e o PDF v1.0.,Verificar a entrega e o comportamento descritos nesta evidência: src/pages/Profile.tsx; edição e recarga aprovadas,src/pages/Profile.tsx; edição e recarga aprovadas
EDU-39,Implementar metas persistentes,Desenvolvimento,Concluído,Implementar metas persistentes conforme o escopo Educa+ e o PDF v1.0.,Verificar a entrega e o comportamento descritos nesta evidência: src/pages/Dashboard.tsx; checkbox persistiu após recarga,src/pages/Dashboard.tsx; checkbox persistiu após recarga
EDU-40,Restaurar demonstração,Desenvolvimento,Concluído,Restaurar demonstração conforme o escopo Educa+ e o PDF v1.0.,Verificar a entrega e o comportamento descritos nesta evidência: src/pages/Profile.tsx; cancelamento e confirmação testados,src/pages/Profile.tsx; cancelamento e confirmação testados
EDU-41,Testar correção automática,Testes,Concluído,Testar correção automática conforme o escopo Educa+ e o PDF v1.0.,Verificar a entrega e o comportamento descritos nesta evidência: Vitest: 20 testes aprovados,Vitest: 20 testes aprovados
EDU-42,Testar cadastro e persistência,Testes,Concluído,Testar cadastro e persistência conforme o escopo Educa+ e o PDF v1.0.,Verificar a entrega e o comportamento descritos nesta evidência: Playwright: fluxo local completo aprovado,Playwright: fluxo local completo aprovado
EDU-43,Testar dez rotas,Testes,Concluído,Testar dez rotas conforme o escopo Educa+ e o PDF v1.0.,Verificar a entrega e o comportamento descritos nesta evidência: Playwright: dez rotas em três larguras aprovadas,Playwright: dez rotas em três larguras aprovadas
EDU-44,Testar filtros e favoritos,Testes,Concluído,Testar filtros e favoritos conforme o escopo Educa+ e o PDF v1.0.,"Verificar a entrega e o comportamento descritos nesta evidência: Playwright: filtros, favorito e modal aprovados","Playwright: filtros, favorito e modal aprovados"
EDU-45,Testar teclado e contraste,Testes,Concluído,Testar teclado e contraste conforme o escopo Educa+ e o PDF v1.0.,Verificar a entrega e o comportamento descritos nesta evidência: Playwright: foco de modal e preferências; axe aprovado após correção,Playwright: foco de modal e preferências; axe aprovado após correção
EDU-46,Testar 1440 768 e 390 pixels,Testes,Concluído,Testar 1440 768 e 390 pixels conforme o escopo Educa+ e o PDF v1.0.,"Verificar a entrega e o comportamento descritos nesta evidência: Playwright: 1440, 768, 390; nenhuma rolagem horizontal da página","Playwright: 1440, 768, 390; nenhuma rolagem horizontal da página"
EDU-47,Validar build de produção,Testes,Concluído,Validar build de produção conforme o escopo Educa+ e o PDF v1.0.,Verificar a entrega e o comportamento descritos nesta evidência: npm run build: TypeScript e Vite aprovados,npm run build: TypeScript e Vite aprovados
EDU-48,Escrever README e arquitetura,Documentação,Concluído,Escrever README e arquitetura conforme o escopo Educa+ e o PDF v1.0.,Verificar a entrega e o comportamento descritos nesta evidência: README.md e docs/ARQUITETURA.md,README.md e docs/ARQUITETURA.md
EDU-49,Registrar evidências e limitações,Documentação,Concluído,Registrar evidências e limitações conforme o escopo Educa+ e o PDF v1.0.,Verificar a entrega e o comportamento descritos nesta evidência: docs/ENTREGA.md,docs/ENTREGA.md
EDU-50,Publicar e verificar rotas na Vercel,Deploy,Backlog,Publicar e verificar rotas na Vercel conforme o escopo Educa+ e o PDF v1.0.,Aplicação acessível na Vercel e rota interna recarregável.,"Vercel: POST /v13/deployments retornou 403, sem permissão para criar projeto; CLI não instalada"
